widget,requests,users
"ec_earth3_veg_lr",56471,453
"access_cm2",56038,969
cesm2,40551,555
miroc6,28884,670
"cnrm_esm2_1",26208,430
"gfdl_esm4",23930,665
"mri_esm2_0",23910,569
"cmcc_esm2",23028,441
"mpi_esm1_2_lr",22679,698
"ipsl_cm6a_lr",22264,507
"cnrm_cm6_1",20069,532
"bcc_csm2_mr",18609,546
"miroc_es2l",14042,326
"awi_cm_1_1_mr",13910,413
"inm_cm5_0",12975,395
"cnrm_cm6_1_hr",11703,450
"ukesm1_0_ll",11037,402
"inm_cm4_8",10721,320
"noresm2_mm",9718,458
"hadgem3_gc31_ll",8511,445
"iitm_esm",8285,313
"canesm5_canoe",8047,261
"fgoals_g3",7123,298
"ec_earth3_cc",6203,551
canesm5,5464,495
"kiost_esm",5429,176
nesm3,5405,234
"hadgem3_gc31_mm",4818,300
"GFDL-ESM4",4072,41
"cmcc_cm2_sr5",4004,269
"kace_1_0_g",3981,241
"fio_esm_2_0",3930,140
"noresm2_lm",3351,158
MIROC6,3313,39
"fgoals_f3_l",3296,194
taiesm1,3125,201
"CNRM-ESM2-1",3049,37
"IPSL-CM6A-LR",2974,38
"MRI-ESM2-0",2920,33
"cams_csm1_0",2857,225
"ACCESS-CM2",2436,42
"mpi_esm1_2_hr",2393,287
"MPI-ESM1-2-LR",2030,44
"MIROC-ES2L",1771,25
"access_esm1_5",1682,226
"cesm2_waccm",1630,183
"NorESM2-MM",1513,33
"ec_earth3_aerchem",1457,133
"mcm_ua_1_0",1449,101
"awi_esm_1_1_lr",1426,129
CanESM5,1412,27
"BCC-CSM2-MR",1390,26
"CNRM-CM6-1",1332,38
ciesm,1316,100
"EC-Earth3-Veg-LR",1235,23
"CAMS-CSM1-0",1192,17
"NorESM2-LM",1141,17
"ipsl_cm5a2_inca",1104,98
"sam0_unicon",1101,75
"FGOALS-g3",973,27
"cmcc_cm2_hr4",972,118
"cesm2_fv2",939,90
"bcc_esm1",932,127
"cesm2_waccm_fv2",753,60
"INM-CM4-8",711,28
norcpm1,709,101
"ec_earth3",649,87
"UKESM1-0-LL",582,30
"HadGEM3-GC31-LL",466,29
"CMCC-ESM2",465,30
"INM-CM5-0",442,30
CESM2,426,32
"EC-Earth3-CC",400,26
"CNRM-CM6-1-HR",381,29
"AWI-CM-1-1-MR",377,24
"KACE-1-0-G",330,24
"CanESM5-CanOE",301,17
"CMCC-CM2-SR5",292,25
"KIOST-ESM",279,18
NESM3,275,22
"e3sm_1_1",265,69
TaiESM1,237,24
"IITM-ESM",235,19
"miroc_es2h",212,51
"FGOALS-f3-L",209,21
"HadGEM3-GC31-MM",195,20
"giss_e2_1_h",182,57
"e3sm_1_1_eca",179,56
"giss_e2_1_g",177,58
"CESM2-WACCM",171,19
"e3sm_1_0",160,58
"ACCESS-ESM1-5",146,19
"MPI-ESM1-2-HR",145,21
"MCM-UA-1-0",138,12
"FIO-ESM-2-0",134,13
CIESM,125,11
"EC-Earth3-AerChem",124,16
"IPSL-CM5A2-INCA",100,15
"mpi_esm_1_2_ham",96,17
"ec_earth3_veg",95,37
"AWI-ESM-1-1-LR",89,13
"BCC-ESM1",89,16
"E3SM-1-1",82,11
"CMCC-CM2-HR4",81,16
"SAM0-UNICON",75,14
"CESM2-FV2",64,11
"E3SM-1-1-ECA",61,10
NorCPM1,61,12
"E3SM-1-0",60,9
"GISS-E2-1-H",55,11
"CESM2-WACCM-FV2",50,9
"MIROC-ES2H",41,8
"MPI-ESM-1-2-HAM",29,3
"GISS-E2-1-G",11,4
"EC-Earth3-Veg",9,4
